ChunkID, Package Name, Class Type, Hard or Soft Chunk, File Size, Other Chunks
0,/DatasmithContent/Blueprints/FBXImporter/Animation/DeltaGenAnimationTrackType,UserDefinedEnum,Soft From Unassigned Package? Best Guess: /DatasmithContent/Blueprints/FBXImporter/Animation/DeltaGenTimeline->/DatasmithContent/Blueprints/FBXImporter/Animation/DeltaGenTimelineAnimation->/DatasmithContent/Blueprints/FBXImporter/Animation/DeltaGenAnimationTrack->/DatasmithContent/Blueprints/FBXImporter/Animation/DeltaGenAnimationTrackType,1929,None
0,/DatasmithContent/Blueprints/FBXImporter/Animation/VREDAnimationTrackComponent,UserDefinedEnum,Soft From Unassigned Package? Best Guess: /DatasmithContent/Blueprints/FBXImporter/Animation/VREDTimeline->/DatasmithContent/Blueprints/FBXImporter/Animation/VREDTimelineAnimation->/DatasmithContent/Blueprints/FBXImporter/Animation/VREDAnimationTrack->/DatasmithContent/Blueprints/FBXImporter/Animation/VREDAnimationTrackComponent,1427,None
0,/DatasmithContent/Blueprints/FBXImporter/Animation/VREDAnimationTrackType,UserDefinedEnum,Soft From Unassigned Package? Best Guess: /DatasmithContent/Blueprints/FBXImporter/Animation/VREDTimeline->/DatasmithContent/Blueprints/FBXImporter/Animation/VREDTimelineAnimation->/DatasmithContent/Blueprints/FBXImporter/Animation/VREDAnimationTrack->/DatasmithContent/Blueprints/FBXImporter/Animation/VREDAnimationTrackType,1570,None
0,/DatasmithContent/Blueprints/FBXImporter/Animation/VREDAnimCurveComponent,UserDefinedEnum,Soft From Unassigned Package? Best Guess: /DatasmithContent/Blueprints/FBXImporter/UI/VREDVariantSampleUI->/DatasmithContent/Blueprints/FBXImporter/Variants/VREDVariantsSelector->/DatasmithContent/Blueprints/FBXImporter/Animation/VREDAnimationPlayer->/DatasmithContent/Blueprints/FBXImporter/BP_VREDAnimNode->/DatasmithContent/Blueprints/FBXImporter/Animation/VREDAnimCurveComponent,1392,None
0,/DatasmithContent/Blueprints/FBXImporter/Animation/VREDAnimCurveType,UserDefinedEnum,Soft From Unassigned Package? Best Guess: /DatasmithContent/Blueprints/FBXImporter/UI/VREDVariantSampleUI->/DatasmithContent/Blueprints/FBXImporter/Variants/VREDVariantsSelector->/DatasmithContent/Blueprints/FBXImporter/Animation/VREDAnimationPlayer->/DatasmithContent/Blueprints/FBXImporter/BP_VREDAnimNode->/DatasmithContent/Blueprints/FBXImporter/Animation/VREDAnimCurveType,1526,None
0,/DatasmithContent/Blueprints/FBXImporter/ArrayOfActor,UserDefinedStruct,Soft From Unassigned Package? Best Guess: /DatasmithContent/Blueprints/FBXImporter/BP_Animation->/DatasmithContent/Blueprints/FBXImporter/BP_AnimatedNode->/DatasmithContent/Blueprints/FBXImporter/BP_SceneNode->/DatasmithContent/Blueprints/FBXImporter/BP_SceneRoot->/DatasmithContent/Blueprints/FBXImporter/ArrayOfActor,1509,None
0,/DatasmithContent/Blueprints/FBXImporter/ArrayOfSwitch,UserDefinedStruct,Soft From Unassigned Package? Best Guess: /DatasmithContent/Blueprints/FBXImporter/BP_Animation->/DatasmithContent/Blueprints/FBXImporter/BP_AnimatedNode->/DatasmithContent/Blueprints/FBXImporter/BP_SceneNode->/DatasmithContent/Blueprints/FBXImporter/BP_SceneRoot->/DatasmithContent/Blueprints/FBXImporter/ArrayOfSwitch,1508,None
0,/DatasmithContent/Blueprints/FBXImporter/BP_SceneNode,Blueprint,Soft From Unassigned Package? Best Guess: /DatasmithContent/Blueprints/FBXImporter/UI/VREDAnimationSampleUI->/DatasmithContent/Blueprints/FBXImporter/Animation/VREDAnimationPlayer->/DatasmithContent/Blueprints/FBXImporter/BP_SceneRoot->/DatasmithContent/Blueprints/FBXImporter/BP_SceneNode,13659,None
0,/DatasmithContent/Blueprints/FBXImporter/BP_SceneRoot,Blueprint,Soft From Unassigned Package? Best Guess: /DatasmithContent/Blueprints/FBXImporter/BP_Animation->/DatasmithContent/Blueprints/FBXImporter/BP_AnimatedNode->/DatasmithContent/Blueprints/FBXImporter/BP_SceneNode->/DatasmithContent/Blueprints/FBXImporter/BP_SceneRoot,19827,None
0,/DatasmithContent/Blueprints/FBXImporter/BP_Switch,Blueprint,Soft From Unassigned Package? Best Guess: /DatasmithContent/Blueprints/FBXImporter/BP_Animation->/DatasmithContent/Blueprints/FBXImporter/BP_AnimatedNode->/DatasmithContent/Blueprints/FBXImporter/BP_SceneNode->/DatasmithContent/Blueprints/FBXImporter/BP_SceneRoot->/DatasmithContent/Blueprints/FBXImporter/BP_Switch,22037,None
0,/DatasmithContent/Blueprints/FBXImporter/FBXImporterUtils,Blueprint,Soft From Unassigned Package? Best Guess: /DatasmithContent/Blueprints/FBXImporter/UI/VREDAnimationSampleUI->/DatasmithContent/Blueprints/FBXImporter/Animation/VREDAnimationPlayer->/DatasmithContent/Blueprints/FBXImporter/FBXImporterUtils,10332,None
0,/DatasmithContent/Blueprints/FBXImporter/Variants/VariantSwitchType,UserDefinedEnum,Soft From Unassigned Package? Best Guess: /DatasmithContent/Blueprints/FBXImporter/Variants/BP_VariantSelector->/DatasmithContent/Blueprints/FBXImporter/Variants/VariantSwitchType,1679,None
0,/DatasmithContent/Blueprints/FBXImporter/Variants/VREDVariantSwitchType,UserDefinedEnum,Soft From Unassigned Package? Best Guess: /DatasmithContent/Blueprints/FBXImporter/Variants/VREDVariantSwitch->/DatasmithContent/Blueprints/FBXImporter/Variants/VREDVariantSwitchType,2015,None
0,/DatasmithContent/Blueprints/FBXImporter/Variants/VREDVariantType,UserDefinedEnum,Soft From Unassigned Package? Best Guess: /DatasmithContent/Blueprints/FBXImporter/UI/VREDVariantSampleUI->/DatasmithContent/Blueprints/FBXImporter/Variants/VREDVariantType,1952,None
0,/Engine/Animation/DefaultAnimCurveCompressionSettings,AnimCurveCompressionSettings,Hard,1046,None
0,/Engine/ArtTools/RenderToTexture/Enums/EFloatTypes,UserDefinedEnum,Hard,1458,None
0,/Engine/ArtTools/RenderToTexture/Enums/EIntTypes,UserDefinedEnum,Hard,1434,None
0,/Engine/ArtTools/RenderToTexture/Enums/RenderToTexture_Enum,UserDefinedEnum,Hard,2408,None
0,/Engine/ArtTools/RenderToTexture/Enums/RenderToTexture_Flipbook_Enum,UserDefinedEnum,Hard,1526,None
0,/Engine/ArtTools/RenderToTexture/Enums/RenderToTexture_Imposter_Enum,UserDefinedEnum,Hard,1304,None
0,/Engine/ArtTools/RenderToTexture/Macros/RenderToTextureFunctionLibrary,Blueprint,Hard,31461,None
0,/Engine/ArtTools/RenderToTexture/Macros/RenderToTextureMacros,Blueprint,Hard,1122,None
0,/Engine/ArtTools/RenderToTexture/Meshes/S_1_Unit_Plane,StaticMesh,Hard,6590,None
0,/Engine/BasicShapes/Cone,StaticMesh,Hard,97335,None
0,/Engine/BasicShapes/Cube,StaticMesh,Hard,63832,None
0,/Engine/BasicShapes/Cylinder,StaticMesh,Hard,122493,None
0,/Engine/BasicShapes/Plane,StaticMesh,Hard,5071,None
0,/Engine/BasicShapes/Sphere,StaticMesh,Hard,151520,None
0,/Engine/BufferVisualization/AmbientOcclusion,Material,Hard,37498,None
0,/Engine/BufferVisualization/BaseColor,Material,Hard,12746,None
0,/Engine/BufferVisualization/CustomDepth,Material,Hard,12449,None
0,/Engine/BufferVisualization/CustomDepthWorldUnits,Material,Hard,13623,None
0,/Engine/BufferVisualization/CustomStencil,Material,Hard,18150,None
0,/Engine/BufferVisualization/FinalImage,Material,Hard,11903,None
0,/Engine/BufferVisualization/LightingModel,Material,Hard,13230,None
0,/Engine/BufferVisualization/MaterialAO,Material,Hard,12302,None
0,/Engine/BufferVisualization/Metallic,Material,Hard,12885,None
0,/Engine/BufferVisualization/Opacity,Material,Hard,12944,None
0,/Engine/BufferVisualization/PostTonemapHDRColor,Material,Hard,12011,None
0,/Engine/BufferVisualization/PreTonemapHDRColor,Material,Hard,11999,None
0,/Engine/BufferVisualization/Roughness,Material,Hard,12845,None
0,/Engine/BufferVisualization/SceneColor,Material,Hard,11992,None
0,/Engine/BufferVisualization/SceneDepth,Material,Hard,12435,None
0,/Engine/BufferVisualization/SceneDepthWorldUnits,Material,Hard,13316,None
0,/Engine/BufferVisualization/SeparateTranslucencyA,Material,Hard,12058,None
0,/Engine/BufferVisualization/SeparateTranslucencyRGB,Material,Hard,12083,None
0,/Engine/BufferVisualization/Specular,Material,Hard,12745,None
0,/Engine/BufferVisualization/SubsurfaceColor,Material,Hard,13371,None
0,/Engine/BufferVisualization/Velocity,Material,Hard,14400,None
0,/Engine/BufferVisualization/WorldNormal,Material,Hard,12866,None
0,/Engine/EditorBlueprintResources/ActorMacros,Blueprint,Hard,1085,None
0,/Engine/EditorBlueprintResources/StandardMacros,Blueprint,Hard,1037,None
0,/Engine/EditorLandscapeResources/DataLayer,LandscapeLayerInfoObject,Hard,746,None
0,/Engine/EditorLandscapeResources/DefaultAlphaTexture,Texture2D,Hard,22947,None
0,/Engine/EditorLandscapeResources/LandscapeGizmo_Mat,Material,Hard,26124,None
0,/Engine/EditorLandscapeResources/LandscapeGizmo_Mat_Copied,MaterialInstanceConstant,Hard,26087,None
0,/Engine/EditorLandscapeResources/LandscapeGizmoHeight_Mat,Material,Hard,128642,None
0,/Engine/EditorLandscapeResources/SplineEditorMesh,StaticMesh,Hard,7624,None
0,/Engine/EditorLandscapeResources/SplineEditorMeshMat,Material,Hard,31016,None
0,/Engine/EditorMaterials/Camera/CineMat,Material,Hard,93413,None
0,/Engine/EditorMaterials/Camera/MI_CineMat_CameraBody,MaterialInstanceConstant,Hard,1875,None
0,/Engine/EditorMaterials/Camera/MI_CineMat_CamViewFinder,MaterialInstanceConstant,Hard,2370,None
0,/Engine/EditorMaterials/Camera/MI_CineMat_Rig,MaterialInstanceConstant,Hard,1861,None
0,/Engine/EditorMaterials/CompositeARGBLayer,MaterialFunction,Hard,927,None
0,/Engine/EditorMaterials/Cross,Texture2D,Hard,2513,None
0,/Engine/EditorMaterials/Cross_Mat,Material,Hard,25621,None
0,/Engine/EditorMaterials/GizmoMaterial,Material,Hard,16633,None
0,/Engine/EditorMaterials/HelpActorMaterial,Material,Hard,82658,None
0,/Engine/EditorMaterials/LevelGridMaterial,Material,Hard,41851,None
0,/Engine/EditorMaterials/LevelGridMaterial2,Material,Hard,31095,None
0,/Engine/EditorMaterials/MakeCompositeARGBLayer,MaterialFunction,Hard,907,None
0,/Engine/EditorMaterials/MAT_Groups_Toggle,Texture2D,Hard,1477,None
0,/Engine/EditorMaterials/MAT_Groups_Visibility,Texture2D,Hard,1485,None
0,/Engine/EditorMaterials/MatineeCam_mat,Material,Hard,48819,None
0,/Engine/EditorMaterials/MatineeGroups/MAT_ColorTrack,Texture2D,Hard,1509,None
0,/Engine/EditorMaterials/MatineeGroups/MAT_Groups_Anim,Texture2D,Hard,1487,None
0,/Engine/EditorMaterials/MatineeGroups/MAT_Groups_AudioMaster,Texture2D,Hard,1501,None
0,/Engine/EditorMaterials/MatineeGroups/MAT_Groups_Director,Texture2D,Hard,1495,None
0,/Engine/EditorMaterials/MatineeGroups/MAT_Groups_Event,Texture2D,Hard,1489,None
0,/Engine/EditorMaterials/MatineeGroups/MAT_Groups_Fade,Texture2D,Hard,1303,None
0,/Engine/EditorMaterials/MatineeGroups/MAT_Groups_Float,Texture2D,Hard,1489,None
0,/Engine/EditorMaterials/MatineeGroups/MAT_Groups_Move,Texture2D,Hard,1487,None
0,/Engine/EditorMaterials/MatineeGroups/MAT_Groups_Slomo,Texture2D,Hard,1489,None
0,/Engine/EditorMaterials/MatineeGroups/MAT_Groups_Sound,Texture2D,Hard,1489,None
0,/Engine/EditorMaterials/MatineeGroups/MAT_Groups_Vector,Texture2D,Hard,1491,None
0,/Engine/EditorMaterials/ParticleSystems/PSysThumbnail_NoImage,Texture2D,Hard,44882,None
0,/Engine/EditorMaterials/ParticleSystems/PSysThumbnail_OOD,Texture2D,Hard,23006,None
0,/Engine/EditorMaterials/PhAT_BoneSelectedMaterial,Material,Hard,36802,None
0,/Engine/EditorMaterials/PhAT_ElemSelectedMaterial,Material,Hard,36610,None
0,/Engine/EditorMaterials/PhAT_NoCollisionMaterial,Material,Hard,35977,None
0,/Engine/EditorMaterials/PhAT_UnselectedMaterial,Material,Hard,35987,None
0,/Engine/EditorMaterials/PreviewShadowIndicator,Texture2D,Hard,1399553,None
0,/Engine/EditorMaterials/PreviewShadowIndicatorMaterial,Material,Hard,46303,None
0,/Engine/EditorMaterials/TargetIcon,Texture2D,Hard,350918,None
0,/Engine/EditorMaterials/TextureGridCascaded1D,MaterialFunction,Hard,1777,None
0,/Engine/EditorMaterials/TextureGridCascaded2D,MaterialFunction,Hard,1665,None
0,/Engine/EditorMaterials/Thumbnails/FloorPlaneMaterial,Material,Hard,73189,None
0,/Engine/EditorMaterials/Thumbnails/SkySphereMaterial,Material,Hard,8542,None
0,/Engine/EditorMaterials/Tick,Texture2D,Hard,2511,None
0,/Engine/EditorMaterials/Tick_Mat,Material,Hard,25606,None
0,/Engine/EditorMaterials/TilingAADots,MaterialFunction,Hard,2234,None
0,/Engine/EditorMaterials/TilingAAGrid,MaterialFunction,Hard,2582,None
0,/Engine/EditorMaterials/TilingAALineBoxFiltered,MaterialFunction,Hard,1683,None
0,/Engine/EditorMaterials/TilingAALineIntegral,MaterialFunction,Hard,915,None
0,/Engine/EditorMaterials/WidgetGridVertexColorMaterial,Texture2D,Hard,44981,None
0,/Engine/EditorMaterials/WidgetGridVertexColorMaterial_Ma,Material,Hard,37160,None
0,/Engine/EditorMaterials/WidgetMaterial,Material,Hard,15860,None
0,/Engine/EditorMaterials/WidgetMaterial_Current,Material,Hard,15980,None
0,/Engine/EditorMaterials/WidgetMaterial_X,Material,Hard,15890,None
0,/Engine/EditorMaterials/WidgetMaterial_Y,Material,Hard,15890,None
0,/Engine/EditorMaterials/WidgetMaterial_Z,Material,Hard,15890,None
0,/Engine/EditorMaterials/WidgetVertexColorMaterial,Material,Hard,35632,None
0,/Engine/EditorMeshes/Camera/SM_CineCam,StaticMesh,Hard,422962,None
0,/Engine/EditorMeshes/Camera/SM_CraneRig_Arm,StaticMesh,Hard,6466,None
0,/Engine/EditorMeshes/Camera/SM_CraneRig_Base,StaticMesh,Hard,138528,None
0,/Engine/EditorMeshes/Camera/SM_CraneRig_Body,StaticMesh,Hard,140740,None
0,/Engine/EditorMeshes/Camera/SM_CraneRig_Mount,StaticMesh,Hard,24726,None
0,/Engine/EditorMeshes/Camera/SM_RailRig_Mount,StaticMesh,Hard,165100,None
0,/Engine/EditorMeshes/Camera/SM_RailRig_Track,StaticMesh,Hard,135700,None
0,/Engine/EditorMeshes/ColorCalibrator/M_ChromeBall,Material,Hard,149772,None
0,/Engine/EditorMeshes/EditorCube,StaticMesh,Hard,117349,None
0,/Engine/EditorMeshes/EditorCylinder,StaticMesh,Hard,111362,None
0,/Engine/EditorMeshes/EditorPlane,StaticMesh,Hard,29667,None
0,/Engine/EditorMeshes/EditorSkySphere,StaticMesh,Hard,798571,None
0,/Engine/EditorMeshes/EditorSphere,StaticMesh,Hard,605210,None
0,/Engine/EditorMeshes/MatineeCam_SM,StaticMesh,Hard,426669,None
0,/Engine/EditorMeshes/PlanarReflectionPlane,StaticMesh,Hard,341530,None
0,/Engine/EditorResources/AI/S_NavLink,Texture2D,Hard,66612,None
0,/Engine/EditorResources/Bad,Texture2D,Hard,88625,None
0,/Engine/EditorResources/BSPVertex,Texture2D,Hard,1461,None
0,/Engine/EditorResources/EmptyActor,Texture2D,Hard,263353,None
0,/Engine/EditorResources/LevelGrid1DStripes,Texture2D,Hard,34406,None
0,/Engine/EditorResources/LightIcons/S_LightDirectional,Texture2D,Hard,263447,None
0,/Engine/EditorResources/LightIcons/S_LightDirectionalMove,Texture2D,Hard,263455,None
0,/Engine/EditorResources/LightIcons/S_LightError,Texture2D,Hard,263435,None
0,/Engine/EditorResources/LightIcons/S_LightPoint,Texture2D,Hard,263435,None
0,/Engine/EditorResources/LightIcons/S_LightPointMove,Texture2D,Hard,263443,None
0,/Engine/EditorResources/LightIcons/S_LightSpot,Texture2D,Hard,263433,None
0,/Engine/EditorResources/LightIcons/S_LightSpotMove,Texture2D,Hard,263441,None
0,/Engine/EditorResources/LightIcons/SkyLight,Texture2D,Hard,263360,None
0,/Engine/EditorResources/MatineeCam_D,Texture2D,Hard,3915,None
0,/Engine/EditorResources/MatInstActSprite,Texture2D,Hard,88651,None
0,/Engine/EditorResources/S_Actor,Texture2D,Hard,88633,None
0,/Engine/EditorResources/S_DecalActorIcon,Texture2D,Hard,88659,None
0,/Engine/EditorResources/S_Emitter,Texture2D,Hard,350916,None
0,/Engine/EditorResources/S_ExpoHeightFog,Texture2D,Hard,350928,None
0,/Engine/EditorResources/S_FTest,Texture2D,Hard,66605,None
0,/Engine/EditorResources/S_KBSJoint,Texture2D,Hard,88639,None
0,/Engine/EditorResources/S_KHinge,Texture2D,Hard,88635,None
0,/Engine/EditorResources/S_KPrismatic,Texture2D,Hard,88643,None
0,/Engine/EditorResources/S_LevelSequence,Texture2D,Hard,88748,None
0,/Engine/EditorResources/S_NavP,Texture2D,Hard,350910,None
0,/Engine/EditorResources/S_Note,Texture2D,Hard,350910,None
0,/Engine/EditorResources/S_Player,Texture2D,Hard,350914,None
0,/Engine/EditorResources/S_PortalActorIcon2,Texture2D,Hard,88663,None
0,/Engine/EditorResources/S_RadForce,Texture2D,Hard,176059,None
0,/Engine/EditorResources/S_ReflActorIcon,Texture2D,Hard,88657,None
0,/Engine/EditorResources/S_Solver,Texture2D,Hard,350914,None
0,/Engine/EditorResources/S_Terrain,Texture2D,Hard,350916,None
0,/Engine/EditorResources/S_TextRenderActorIcon,Texture2D,Hard,88669,None
0,/Engine/EditorResources/S_Thruster,Texture2D,Hard,350918,None
0,/Engine/EditorResources/S_Trigger,Texture2D,Hard,350916,None
0,/Engine/EditorResources/S_VectorFieldVol,Texture2D,Hard,88651,None
0,/Engine/EditorResources/S_WindDirectional,Texture2D,Hard,88661,None
0,/Engine/EditorResources/SceneManager,Texture2D,Hard,350922,None
0,/Engine/EditorResources/SequenceRecorder/Countdown,Texture2D,Hard,148613,None
0,/Engine/EditorResources/SequenceRecorder/RecordingIndicator,Texture2D,Hard,2199,None
0,/Engine/EditorResources/SmallFont,Font,Hard,72347,None
0,/Engine/EditorResources/Spline/T_Loft_Spline,Texture2D,Hard,17373,None
0,/Engine/EditorResources/T_EditorHelp,Texture2D,Hard,5593783,None
0,/Engine/EditorSounds/Notifications/CompileFailed,SoundWave,Hard,13865,None
0,/Engine/EditorSounds/Notifications/CompileFailed_Cue,SoundCue,Hard,1870,None
0,/Engine/EditorSounds/Notifications/CompileStart_Cue,SoundCue,Hard,1925,None
0,/Engine/EditorSounds/Notifications/CompileSuccess,SoundWave,Hard,15582,None
0,/Engine/EditorSounds/Notifications/CompileSuccess_Cue,SoundCue,Hard,1876,None
0,/Engine/EngineDamageTypes/DmgTypeBP_Environmental,Blueprint,Hard,1194,None
0,/Engine/EngineDebugMaterials/BoneWeightMaterial,Material,Hard,236150,None
0,/Engine/EngineDebugMaterials/ClothMaterial,Material,Hard,34966,None
0,/Engine/EngineDebugMaterials/ClothMaterial_WF,Material,Hard,35186,None
0,/Engine/EngineDebugMaterials/DebugEditorMaterial,Material,Hard,17355,None
0,/Engine/EngineDebugMaterials/DebugMeshMaterial,Material,Hard,35202,None
0,/Engine/EngineDebugMaterials/GeomMaterial,Material,Hard,35227,None
0,/Engine/EngineDebugMaterials/HeatmapGradient,Texture2D,Hard,5567,None
0,/Engine/EngineDebugMaterials/LevelColorationLitMaterial,Material,Hard,1651339,None
0,/Engine/EngineDebugMaterials/LevelColorationUnlitMaterial,Material,Hard,395760,None
0,/Engine/EngineDebugMaterials/M_SimpleOpaque,Material,Hard,47340,None
0,/Engine/EngineDebugMaterials/M_SimpleTranslucent,Material,Hard,101364,None
0,/Engine/EngineDebugMaterials/M_VolumeRenderSphereTracePP,Material,Hard,21970,None
0,/Engine/EngineDebugMaterials/MAT_LevelColorationLitLightmapUV,Material,Hard,1680190,None
0,/Engine/EngineDebugMaterials/ShadedLevelColorationLitMaterial,Material,Hard,1660971,None
0,/Engine/EngineDebugMaterials/ShadedLevelColorationUnlitMateri,Material,Hard,395783,None
0,/Engine/EngineDebugMaterials/VertexColorMaterial,Material,Hard,309433,None
0,/Engine/EngineDebugMaterials/VertexColorViewMode_AlphaAsColor,Material,Hard,31581,None
0,/Engine/EngineDebugMaterials/VertexColorViewMode_BlueOnly,Material,Hard,31613,None
0,/Engine/EngineDebugMaterials/VertexColorViewMode_ColorOnly,Material,Hard,39962,None
0,/Engine/EngineDebugMaterials/VertexColorViewMode_GreenOnly,Material,Hard,31609,None
0,/Engine/EngineDebugMaterials/VertexColorViewMode_RedOnly,Material,Hard,31533,None
0,/Engine/EngineDebugMaterials/VolumeToRender,VolumeTexture,Hard,9133,None
0,/Engine/EngineDebugMaterials/WireframeMaterial,Material,Hard,450501,None
0,/Engine/EngineFonts/Faces/RobotoBold,FontFace,Hard,164200,None
0,/Engine/EngineFonts/Faces/RobotoBoldItalic,FontFace,Hard,166642,None
0,/Engine/EngineFonts/Faces/RobotoItalic,FontFace,Hard,161502,None
0,/Engine/EngineFonts/Faces/RobotoLight,FontFace,Hard,171306,None
0,/Engine/EngineFonts/Faces/RobotoRegular,FontFace,Hard,159365,None
0,/Engine/EngineFonts/Faces/RobotoTiny,FontFace,Hard,171299,None
0,/Engine/EngineFonts/Roboto,Font,Hard,2527,None
0,/Engine/EngineFonts/RobotoDistanceField,Font,Hard,138929,None
0,/Engine/EngineFonts/RobotoTiny,Font,Hard,1524,None
0,/Engine/EngineFonts/SmallFont,Font,Hard,72442,None
0,/Engine/EngineFonts/TinyFont,Font,Hard,39672,None
0,/Engine/EngineMaterials/BaseFlattenDiffuseMap,Texture2D,Hard,1849,None
0,/Engine/EngineMaterials/BaseFlattenEmissiveMap,Texture2D,Hard,1911,None
0,/Engine/EngineMaterials/BaseFlattenGrayscaleMap,Texture2D,Hard,6771,None
0,/Engine/EngineMaterials/BaseFlattenMaterial,Material,Hard,128308,None
0,/Engine/EngineMaterials/BaseFlattenNormalMap,Texture2D,Hard,1304,None
0,/Engine/EngineMaterials/BlendFunc_DefBase,Texture2D,Hard,1477,None
0,/Engine/EngineMaterials/BlendFunc_DefBlend,Texture2D,Hard,1479,None
0,/Engine/EngineMaterials/BlinkingCaret,Material,Hard,37146,None
0,/Engine/EngineMaterials/BlueNoise,Texture2D,Hard,3671221,None
0,/Engine/EngineMaterials/DefaultBloomKernel,Texture2D,Hard,33555655,None
0,/Engine/EngineMaterials/DefaultBokeh,Texture2D,Hard,23217,None
0,/Engine/EngineMaterials/DefaultDeferredDecalMaterial,Material,Hard,499075,None
0,/Engine/EngineMaterials/DefaultDiffuse,Texture2D,Hard,700383,None
0,/Engine/EngineMaterials/DefaultLightFunctionMaterial,Material,Hard,40122,None
0,/Engine/EngineMaterials/DefaultMaterial,Material,Hard,288922,None
0,/Engine/EngineMaterials/DefaultNormal,Texture2D,Hard,1399764,None
0,/Engine/EngineMaterials/DefaultPhysicalMaterial,PhysicalMaterial,Hard,654,None
0,/Engine/EngineMaterials/DefaultPostProcessMaterial,Material,Hard,21750,None
0,/Engine/EngineMaterials/DefaultTextMaterialOpaque,Material,Hard,83699,None
0,/Engine/EngineMaterials/DefaultVirtualTextureMaterial,Material,Hard,240773,None
0,/Engine/EngineMaterials/DefaultWhiteGrid,Texture2D,Hard,12151,None
0,/Engine/EngineMaterials/DefaultWhiteGrid_Low,Texture2D,Hard,979,None
0,/Engine/EngineMaterials/EditorBrushMaterial,Material,Hard,34238,None
0,/Engine/EngineMaterials/EmissiveMeshMaterial,Material,Hard,36541,None
0,/Engine/EngineMaterials/Good64x64TilingNoiseHighFreq,Texture2D,Hard,5388,None
0,/Engine/EngineMaterials/Grid,Texture2D,Hard,350815,None
0,/Engine/EngineMaterials/Grid_N,Texture2D,Hard,351138,None
0,/Engine/EngineMaterials/HighResolutionScreenshotMaskFunction,MaterialFunction,Hard,939,None
0,/Engine/EngineMaterials/HighResScreenshot,Material,Hard,37920,None
0,/Engine/EngineMaterials/HighResScreenshotCaptureRegion,Material,Hard,15020,None
0,/Engine/EngineMaterials/HighResScreenshotMask,Material,Hard,37896,None
0,/Engine/EngineMaterials/InvalidLightmapSettings,Texture2D,Hard,176077,None
0,/Engine/EngineMaterials/LandscapeHolePhysicalMaterial,PhysicalMaterial,Hard,666,None
0,/Engine/EngineMaterials/M_InvalidLightmapSettings,Material,Hard,98243,None
0,/Engine/EngineMaterials/MiniFont,Texture2D,Hard,3172,None
0,/Engine/EngineMaterials/PaperDiffuse,Texture2D,Hard,1184,None
0,/Engine/EngineMaterials/PaperNormal,Texture2D,Hard,7041,None
0,/Engine/EngineMaterials/PhAT_JointLimitMaterial,Material,Hard,40177,None
0,/Engine/EngineMaterials/PhysMat_Rubber,PhysicalMaterial,Hard,707,None
0,/Engine/EngineMaterials/PreintegratedSkinBRDF,Texture2D,Hard,263125,None
0,/Engine/EngineMaterials/RemoveSurfaceMaterial,Material,Hard,8273,None
0,/Engine/EngineMaterials/T_Default_Material_Grid_M,Texture2D,Hard,350917,None
0,/Engine/EngineMaterials/T_Default_Material_Grid_N,Texture2D,Hard,88996,None
0,/Engine/EngineMaterials/WeightMapPlaceholderTexture,Texture2D,Hard,1049,None
0,/Engine/EngineMaterials/Widget3DPassThrough,Material,Hard,38913,None
0,/Engine/EngineMaterials/Widget3DPassThrough_Masked,MaterialInstanceConstant,Hard,26811,None
0,/Engine/EngineMaterials/Widget3DPassThrough_Masked_OneSided,MaterialInstanceConstant,Hard,26693,None
0,/Engine/EngineMaterials/Widget3DPassThrough_Opaque,MaterialInstanceConstant,Hard,17251,None
0,/Engine/EngineMaterials/Widget3DPassThrough_Opaque_OneSided,MaterialInstanceConstant,Hard,9748,None
0,/Engine/EngineMaterials/Widget3DPassThrough_Translucent,MaterialInstanceConstant,Hard,37750,None
0,/Engine/EngineMaterials/Widget3DPassThrough_Translucent_OneSided,MaterialInstanceConstant,Hard,37534,None
0,/Engine/EngineMaterials/WorldGridMaterial,Material,Hard,1743220,None
0,/Engine/EngineMeshes/Cylinder,StaticMesh,Hard,24427,None
0,/Engine/EngineMeshes/Sphere,StaticMesh,Hard,272627,None
0,/Engine/EngineResources/Black,Texture2D,Hard,1718,None
0,/Engine/EngineResources/DefaultTexture,Texture2D,Hard,12048,None
0,/Engine/EngineResources/DefaultTextureCube,TextureCube,Hard,66622,None
0,/Engine/EngineResources/DefaultVolumeTexture,VolumeTexture,Hard,1333,None
0,/Engine/EngineResources/DefaultVolumeTexture2D,Texture2D,Hard,1413,None
0,/Engine/EngineResources/GradientTexture0,Texture2D,Hard,6861,None
0,/Engine/EngineResources/M_StreamingPause,Material,Hard,37551,None
0,/Engine/EngineResources/StreamingPauseIcon,Texture2D,Hard,5244,None
0,/Engine/EngineResources/WhiteSquareTexture,Texture2D,Hard,1744,None
0,/Engine/EngineSky/BP_Sky_Sphere,Blueprint,Hard,23749,None
0,/Engine/EngineSky/C_Sky_Cloud_Color,CurveLinearColor,Hard,1745,None
0,/Engine/EngineSky/C_Sky_Horizon_Color,CurveLinearColor,Hard,1749,None
0,/Engine/EngineSky/C_Sky_Zenith_Color,CurveLinearColor,Hard,1828,None
0,/Engine/EngineSky/M_Sky_Panning_Clouds2,Material,Hard,19763,None
0,/Engine/EngineSky/SM_SkySphere,StaticMesh,Hard,780236,None
0,/Engine/EngineSky/T_Sky_Blue,Texture2D,Hard,2797783,None
0,/Engine/EngineSky/T_Sky_Clouds_M,Texture2D,Hard,700655,None
0,/Engine/EngineSky/T_Sky_Stars,Texture2D,Hard,176175,None
0,/Engine/EngineSounds/Master,SoundClass,Hard,919,None
0,/Engine/Functions/Engine_MaterialFunctions01/Opacity/CameraDepthFade,MaterialFunction,Hard,1239,None
0,/Engine/Functions/Engine_MaterialFunctions01/Shading/ConvertFromDiffSpec,MaterialFunction,Hard,986,None
0,/Engine/Functions/Engine_MaterialFunctions01/Shading/PowerToRoughness,MaterialFunction,Hard,928,None
0,/Engine/Functions/Engine_MaterialFunctions01/Texturing/ScaleUVsByCenter,MaterialFunction,Hard,1623,None
0,/Engine/Functions/Engine_MaterialFunctions02/ExampleContent/Textures/flipbook,Texture2D,Hard,12180,None
0,/Engine/Functions/Engine_MaterialFunctions02/ScreenResolution,MaterialFunction,Hard,1133,None
0,/Engine/Functions/Engine_MaterialFunctions02/Texturing/FlipBook,MaterialFunction,Hard,3150,None
0,/Engine/Functions/Engine_MaterialFunctions02/Texturing/ScreenAlignedUVs,MaterialFunction,Hard,3738,None
0,/Engine/Functions/Engine_MaterialFunctions02/Utility/BreakOutFloat2Components,MaterialFunction,Hard,1180,None
0,/Engine/Functions/Engine_MaterialFunctions02/Utility/BreakOutFloat4Components,MaterialFunction,Hard,1196,None
0,/Engine/Functions/Engine_MaterialFunctions02/Utility/CameraDirectionVector,MaterialFunction,Hard,1124,None
0,/Engine/Functions/Engine_MaterialFunctions02/Utility/DepthFromWorldPosition,MaterialFunction,Hard,1741,None
0,/Engine/Functions/Engine_MaterialFunctions02/Utility/MakeFloat2,MaterialFunction,Hard,1098,None
0,/Engine/Functions/Engine_MaterialFunctions02/Utility/MakeFloat3,MaterialFunction,Hard,1106,None
0,/Engine/Functions/Engine_MaterialFunctions02/Utility/Round,MaterialFunction,Hard,1677,None
0,/Engine/Functions/Engine_MaterialFunctions02/Utility/Sign,MaterialFunction,Hard,1062,None
0,/Engine/Functions/Engine_MaterialFunctions02/Utility/VectorLength,MaterialFunction,Hard,1083,None
0,/Engine/Functions/Engine_MaterialFunctions02/WorldPositionOffset/CameraOffset,MaterialFunction,Hard,1229,None
0,/Engine/Functions/Engine_MaterialFunctions03/Blends/Blend_Screen,MaterialFunction,Hard,2019,None
0,/Engine/Functions/Engine_MaterialFunctions03/Procedurals/ComputeFilterWidth,MaterialFunction,Hard,1008,None
0,/Engine/Maps/Templates/Thumbnails/Default,Texture2D,Hard,161280,None
0,/Engine/Maps/Templates/Thumbnails/VR-Basic,Texture2D,Hard,161282,None
0,/Engine/MapTemplates/Sky/DaylightAmbientCubemap,TextureCube,Hard,16778559,None
0,/Engine/MobileResources/HUD/AnalogHat,Texture2D,Hard,2101,None
0,/Engine/MobileResources/HUD/DefaultVirtualJoysticks,TouchInterface,Hard,2634,None
0,/Engine/MobileResources/HUD/LeftVirtualJoystickOnly,TouchInterface,Hard,2057,None
0,/Engine/MobileResources/HUD/MobileHUDButton1_off,Texture2D,Hard,3147,None
0,/Engine/MobileResources/HUD/MobileHUDButton1_on,Texture2D,Hard,3145,None
0,/Engine/MobileResources/HUD/MobileHUDButton2_off,Texture2D,Hard,5195,None
0,/Engine/MobileResources/HUD/MobileHUDButton2_on,Texture2D,Hard,5193,None
0,/Engine/MobileResources/HUD/MobileHUDButton3,Texture2D,Hard,2115,None
0,/Engine/MobileResources/HUD/MobileHUDButtonFire,Texture2D,Hard,5193,None
0,/Engine/MobileResources/HUD/MobileHUDDirectionPad,Texture2D,Hard,17485,None
0,/Engine/MobileResources/HUD/MobileHUDDirectionPad2,Texture2D,Hard,33871,None
0,/Engine/MobileResources/HUD/MobileHUDDirectionPad3,Texture2D,Hard,33871,None
0,/Engine/MobileResources/HUD/MobileHUDDirectionStick,Texture2D,Hard,5201,None
0,/Engine/MobileResources/HUD/T_Castle_ThumbstickInner,Texture2D,Hard,17636,None
0,/Engine/MobileResources/HUD/T_Castle_ThumbstickOutter,Texture2D,Hard,66790,None
0,/Engine/MobileResources/HUD/VirtualJoystick_Background,Texture2D,Hard,263400,None
0,/Engine/MobileResources/HUD/VirtualJoystick_Thumb,Texture2D,Hard,17630,None
0,/Engine/MobileResources/T_MobileControls_texture,Texture2D,Hard,263403,None
0,/Engine/MobileResources/T_MobileMenu2,Texture2D,Hard,263225,None
0,/Engine/Tutorial/Basics/TutorialAssets/icon_tab_Levels_40x,Texture2D,Hard,7709,None
0,/Engine/Tutorial/BlueprintTutorials/TutorialAssets/Blueprint_64x,Texture2D,Hard,17626,None
0,/Engine/Tutorial/ContentIntroCurve,CurveFloat,Hard,963,None
0,/Engine/VREditor/LaserPointer/VR_LaserPower_01,Texture2D,Hard,176069,None
0,/Engine/VREditor/TransformGizmo/BoundingBoxCorner,StaticMesh,Hard,20736,None
0,/Engine/VREditor/TransformGizmo/BoundingBoxEdge,StaticMesh,Hard,11652,None
0,/Engine/VREditor/TransformGizmo/Main,Material,Hard,36435,None
0,/Engine/VREditor/TransformGizmo/PlaneTranslationHandle,StaticMesh,Hard,18814,None
0,/Engine/VREditor/TransformGizmo/SM_Sequencer_Key,StaticMesh,Hard,69612,None
0,/Engine/VREditor/TransformGizmo/SM_Sequencer_Node,StaticMesh,Hard,14062,None
0,/Engine/VREditor/TransformGizmo/TransformGizmoMaterial,Material,Hard,10822,None
0,/Engine/VREditor/TransformGizmo/TranslucentTransformGizmoMaterial,Material,Hard,37050,None
0,/Engine/VREditor/TransformGizmo/Xray,Material,Hard,46993,None
0,/Game/Game/Level/Maps/Play/Play,World,Soft From Unassigned Package? Best Guess: /Game/Game/Level/Maps/Play/Play,31057,None
0,/Game/Game/Level/Maps/Play/Play_BuiltData,MapBuildDataRegistry,Soft From Unassigned Package? Best Guess: /Game/Game/Level/Maps/Play/Play->/Game/Game/Level/Maps/Play/Play_BuiltData,167593,None
0,/Game/Game/Level/Maps/Title/Title,World,Soft From Unassigned Package? Best Guess: /Game/Game/Level/Maps/Title/Title,35108,None
0,/Game/Game/MotionControllers/TitleMotioncController/BP_widgetInteractionMotionControllerLeft,Blueprint,Soft From Unassigned Package? Best Guess: /Game/Game/Level/Maps/Play/Play->/Game/VirtualRealityBP/Blueprints/MotionControllerPawn->/Game/Game/MotionControllers/TitleMotioncController/BP_widgetInteractionMotionControllerLeft,9831,None
0,/Game/Game/MotionControllers/TitleMotioncController/BP_widgetInteractionMotionControllerRight,Blueprint,Soft From Unassigned Package? Best Guess: /Game/Game/Level/Maps/Play/Play->/Game/VirtualRealityBP/Blueprints/MotionControllerPawn->/Game/Game/MotionControllers/TitleMotioncController/BP_widgetInteractionMotionControllerRight,9838,None
0,/Game/Game/UI/Menus/Title/TransitionToPlay/BP_TransitionToPlayButton3DWidget,Blueprint,Soft From Unassigned Package? Best Guess: /Game/Game/Level/Maps/Title/Title->/Game/Game/UI/Menus/Title/TransitionToPlay/BP_TransitionToPlayButton3DWidget,6748,None
0,/Game/Game/UI/Menus/Title/TransitionToPlay/UI_TransitionToPlayButton,WidgetBlueprint,Soft From Unassigned Package? Best Guess: /Game/Game/Level/Maps/Title/Title->/Game/Game/UI/Menus/Title/TransitionToPlay/BP_TransitionToPlayButton3DWidget->/Game/Game/UI/Menus/Title/TransitionToPlay/UI_TransitionToPlayButton,12405,None
0,/Game/Geometry/Meshes/1M_Cube,StaticMesh,Soft From Unassigned Package? Best Guess: /Game/Game/Level/Maps/Play/Play->/Game/Geometry/Meshes/1M_Cube,14398,None
0,/Game/Geometry/Meshes/CubeMaterial,Material,Soft From Unassigned Package? Best Guess: /Game/Game/Level/Maps/Play/Play->/Game/Geometry/Meshes/1M_Cube->/Game/Geometry/Meshes/CubeMaterial,68677,None
0,/Game/VirtualReality/Mannequin/Animations/MannequinHand_Right_CanGrab,AnimSequence,Soft From Unassigned Package? Best Guess: /Game/Game/Level/Maps/Play/Play->/Game/VirtualRealityBP/Blueprints/MotionControllerPawn->/Game/VirtualRealityBP/Blueprints/BP_MotionController->/Game/VirtualReality/Mannequin/Animations/RightHand_AnimBP->/Game/VirtualReality/Mannequin/Animations/RightGrip_BS->/Game/VirtualReality/Mannequin/Animations/MannequinHand_Right_CanGrab,2800,None
0,/Game/VirtualReality/Mannequin/Animations/MannequinHand_Right_Grab,AnimSequence,Soft From Unassigned Package? Best Guess: /Game/Game/Level/Maps/Play/Play->/Game/VirtualRealityBP/Blueprints/MotionControllerPawn->/Game/VirtualRealityBP/Blueprints/BP_MotionController->/Game/VirtualReality/Mannequin/Animations/RightHand_AnimBP->/Game/VirtualReality/Mannequin/Animations/RightGrip_BS->/Game/VirtualReality/Mannequin/Animations/MannequinHand_Right_Grab,2794,None
0,/Game/VirtualReality/Mannequin/Animations/MannequinHand_Right_Open,AnimSequence,Soft From Unassigned Package? Best Guess: /Game/Game/Level/Maps/Play/Play->/Game/VirtualRealityBP/Blueprints/MotionControllerPawn->/Game/VirtualRealityBP/Blueprints/BP_MotionController->/Game/VirtualReality/Mannequin/Animations/RightHand_AnimBP->/Game/VirtualReality/Mannequin/Animations/RightGrip_BS->/Game/VirtualReality/Mannequin/Animations/MannequinHand_Right_Open,2794,None
0,/Game/VirtualReality/Mannequin/Animations/RightGrip_BS,BlendSpace1D,Soft From Unassigned Package? Best Guess: /Game/Game/Level/Maps/Play/Play->/Game/VirtualRealityBP/Blueprints/MotionControllerPawn->/Game/VirtualRealityBP/Blueprints/BP_MotionController->/Game/VirtualReality/Mannequin/Animations/RightHand_AnimBP->/Game/VirtualReality/Mannequin/Animations/RightGrip_BS,3411,None
0,/Game/VirtualReality/Mannequin/Animations/RightHand_AnimBP,AnimBlueprint,Soft From Unassigned Package? Best Guess: /Game/Game/Level/Maps/Play/Play->/Game/VirtualRealityBP/Blueprints/MotionControllerPawn->/Game/VirtualRealityBP/Blueprints/BP_MotionController->/Game/VirtualReality/Mannequin/Animations/RightHand_AnimBP,12358,None
0,/Game/VirtualReality/Mannequin/Character/Materials/M_HandMat,Material,Soft From Unassigned Package? Best Guess: /Game/Game/Level/Maps/Play/Play->/Game/VirtualRealityBP/Blueprints/MotionControllerPawn->/Game/VirtualRealityBP/Blueprints/BP_MotionController->/Game/VirtualReality/Mannequin/Character/Mesh/MannequinHand_Right->/Game/VirtualReality/Mannequin/Character/Materials/M_HandMat,135508,None
0,/Game/VirtualReality/Mannequin/Character/Mesh/MannequinHand_Right,SkeletalMesh,Soft From Unassigned Package? Best Guess: /Game/Game/Level/Maps/Play/Play->/Game/VirtualRealityBP/Blueprints/MotionControllerPawn->/Game/VirtualRealityBP/Blueprints/BP_MotionController->/Game/VirtualReality/Mannequin/Character/Mesh/MannequinHand_Right,338600,None
0,/Game/VirtualReality/Mannequin/Character/Mesh/MannequinHand_Right_PhysicsAsset,PhysicsAsset,Soft From Unassigned Package? Best Guess: /Game/Game/Level/Maps/Play/Play->/Game/VirtualRealityBP/Blueprints/MotionControllerPawn->/Game/VirtualRealityBP/Blueprints/BP_MotionController->/Game/VirtualReality/Mannequin/Character/Mesh/MannequinHand_Right->/Game/VirtualReality/Mannequin/Character/Mesh/MannequinHand_Right_PhysicsAsset,2173,None
0,/Game/VirtualReality/Mannequin/Character/Mesh/MannequinHand_Right_Skeleton,Skeleton,Soft From Unassigned Package? Best Guess: /Game/Game/Level/Maps/Play/Play->/Game/VirtualRealityBP/Blueprints/MotionControllerPawn->/Game/VirtualRealityBP/Blueprints/BP_MotionController->/Game/VirtualReality/Mannequin/Animations/RightHand_AnimBP->/Game/VirtualReality/Mannequin/Character/Mesh/MannequinHand_Right_Skeleton,3265,None
0,/Game/VirtualReality/Mannequin/Character/Textures/UE4_Mannequin__normals,Texture2D,Soft From Unassigned Package? Best Guess: /Game/Game/Level/Maps/Play/Play->/Game/VirtualRealityBP/Blueprints/MotionControllerPawn->/Game/VirtualRealityBP/Blueprints/BP_MotionController->/Game/VirtualReality/Mannequin/Character/Mesh/MannequinHand_Right->/Game/VirtualReality/Mannequin/Character/Materials/M_HandMat->/Game/VirtualReality/Mannequin/Character/Textures/UE4_Mannequin__normals,5594152,None
0,/Game/VirtualReality/Mannequin/Character/Textures/UE4_Mannequin_MAT_MASKA,Texture2D,Soft From Unassigned Package? Best Guess: /Game/Game/Level/Maps/Play/Play->/Game/VirtualRealityBP/Blueprints/MotionControllerPawn->/Game/VirtualRealityBP/Blueprints/BP_MotionController->/Game/VirtualReality/Mannequin/Character/Mesh/MannequinHand_Right->/Game/VirtualReality/Mannequin/Character/Materials/M_HandMat->/Game/VirtualReality/Mannequin/Character/Textures/UE4_Mannequin_MAT_MASKA,700618,None
0,/Game/VirtualReality/Materials/M_ArcEndpoint,Material,Soft From Unassigned Package? Best Guess: /Game/Game/Level/Maps/Play/Play->/Game/VirtualRealityBP/Blueprints/MotionControllerPawn->/Game/VirtualRealityBP/Blueprints/BP_MotionController->/Game/VirtualReality/Materials/M_ArcEndpoint,151783,None
0,/Game/VirtualReality/Materials/M_SplineArcMat,Material,Soft From Unassigned Package? Best Guess: /Game/Game/Level/Maps/Play/Play->/Game/VirtualRealityBP/Blueprints/MotionControllerPawn->/Game/VirtualRealityBP/Blueprints/BP_MotionController->/Game/VirtualReality/Materials/M_SplineArcMat,79807,None
0,/Game/VirtualReality/Materials/M_TeleportPreviews,Material,Soft From Unassigned Package? Best Guess: /Game/Game/Level/Maps/Play/Play->/Game/VirtualRealityBP/Blueprints/MotionControllerPawn->/Game/VirtualRealityBP/Blueprints/BP_MotionController->/Game/VirtualReality/Materials/MI_ChaperoneOutline->/Game/VirtualReality/Materials/M_TeleportPreviews,43823,None
0,/Game/VirtualReality/Materials/MF_OccludedPixels,MaterialFunction,Soft From Unassigned Package? Best Guess: /Game/Game/Level/Maps/Play/Play->/Game/VirtualRealityBP/Blueprints/MotionControllerPawn->/Game/VirtualRealityBP/Blueprints/BP_MotionController->/Game/VirtualReality/Materials/M_ArcEndpoint->/Game/VirtualReality/Materials/MF_OccludedPixels,1794,None
0,/Game/VirtualReality/Materials/MI_ChaperoneOutline,MaterialInstanceConstant,Soft From Unassigned Package? Best Guess: /Game/Game/Level/Maps/Play/Play->/Game/VirtualRealityBP/Blueprints/MotionControllerPawn->/Game/VirtualRealityBP/Blueprints/BP_MotionController->/Game/VirtualReality/Materials/MI_ChaperoneOutline,3016,None
0,/Game/VirtualReality/Materials/MI_TeleportCylinderPreview,MaterialInstanceConstant,Soft From Unassigned Package? Best Guess: /Game/Game/Level/Maps/Play/Play->/Game/VirtualRealityBP/Blueprints/MotionControllerPawn->/Game/VirtualRealityBP/Blueprints/BP_MotionController->/Game/VirtualReality/Materials/MI_TeleportCylinderPreview,3507,None
0,/Game/VirtualReality/Materials/TeleportMCP,MaterialParameterCollection,Soft From Unassigned Package? Best Guess: /Game/Game/Level/Maps/Play/Play->/Game/VirtualRealityBP/Blueprints/MotionControllerPawn->/Game/VirtualRealityBP/Blueprints/BP_MotionController->/Game/VirtualReality/Materials/M_ArcEndpoint->/Game/VirtualReality/Materials/TeleportMCP,1223,None
0,/Game/VirtualReality/Meshes/1x1_cube,StaticMesh,Soft From Unassigned Package? Best Guess: /Game/Game/Level/Maps/Play/Play->/Game/VirtualRealityBP/Blueprints/MotionControllerPawn->/Game/VirtualRealityBP/Blueprints/BP_MotionController->/Game/VirtualReality/Meshes/1x1_cube,7428,None
0,/Game/VirtualReality/Meshes/BeaconDirection,StaticMesh,Soft From Unassigned Package? Best Guess: /Game/Game/Level/Maps/Play/Play->/Game/VirtualRealityBP/Blueprints/MotionControllerPawn->/Game/VirtualRealityBP/Blueprints/BP_MotionController->/Game/VirtualReality/Meshes/BeaconDirection,41598,None
0,/Game/VirtualReality/Meshes/BeamMesh,StaticMesh,Soft From Unassigned Package? Best Guess: /Game/Game/Level/Maps/Play/Play->/Game/VirtualRealityBP/Blueprints/MotionControllerPawn->/Game/VirtualRealityBP/Blueprints/BP_MotionController->/Game/VirtualReality/Meshes/BeamMesh,38748,None
0,/Game/VirtualReality/Meshes/SM_FatCylinder,StaticMesh,Soft From Unassigned Package? Best Guess: /Game/Game/Level/Maps/Play/Play->/Game/VirtualRealityBP/Blueprints/MotionControllerPawn->/Game/VirtualRealityBP/Blueprints/BP_MotionController->/Game/VirtualReality/Meshes/SM_FatCylinder,39392,None
0,/Game/VirtualRealityBP/Blueprints/BP_MotionController,Blueprint,Soft From Unassigned Package? Best Guess: /Game/Game/Level/Maps/Play/Play->/Game/VirtualRealityBP/Blueprints/MotionControllerPawn->/Game/VirtualRealityBP/Blueprints/BP_MotionController,84306,None
0,/Game/VirtualRealityBP/Blueprints/GripEnum,UserDefinedEnum,Soft From Unassigned Package? Best Guess: /Game/Game/Level/Maps/Play/Play->/Game/VirtualRealityBP/Blueprints/MotionControllerPawn->/Game/VirtualRealityBP/Blueprints/BP_MotionController->/Game/VirtualRealityBP/Blueprints/GripEnum,1289,None
0,/Game/VirtualRealityBP/Blueprints/MotionControllerHaptics,HapticFeedbackEffect_Curve,Soft From Unassigned Package? Best Guess: /Game/Game/Level/Maps/Play/Play->/Game/VirtualRealityBP/Blueprints/MotionControllerPawn->/Game/VirtualRealityBP/Blueprints/BP_MotionController->/Game/VirtualRealityBP/Blueprints/MotionControllerHaptics,1544,None
0,/Game/VirtualRealityBP/Blueprints/MotionControllerPawn,Blueprint,Soft From Unassigned Package? Best Guess: /Game/Game/Level/Maps/Play/Play->/Game/VirtualRealityBP/Blueprints/MotionControllerPawn,36832,None
0,/Game/VirtualRealityBP/Blueprints/PickupActorInterface,Blueprint,Soft From Unassigned Package? Best Guess: /Game/Game/Level/Maps/Play/Play->/Game/VirtualRealityBP/Blueprints/MotionControllerPawn->/Game/VirtualRealityBP/Blueprints/BP_MotionController->/Game/VirtualRealityBP/Blueprints/PickupActorInterface,1942,None
0,/OculusVR/Materials/OculusMR_ChromaKey,Material,Soft From Unassigned Package? Best Guess: /OculusVR/Materials/OculusMR_ChromaKey,51898,None
0,/OculusVR/Materials/OculusMR_ChromaKey_Lit,Material,Soft From Unassigned Package? Best Guess: /OculusVR/Materials/OculusMR_ChromaKey_Lit,195733,None
0,/OculusVR/Materials/OculusMR_OpaqueColoredMaterial,Material,Soft From Unassigned Package? Best Guess: /OculusVR/Materials/OculusMR_OpaqueColoredMaterial,9221,None
0,/OculusVR/Materials/OculusMR_WhiteMaterial,Material,Soft From Unassigned Package? Best Guess: /OculusVR/Materials/OculusMR_WhiteMaterial,29698,None
0,/OculusVR/OculusMR_RenderTarget,TextureRenderTarget2D,Soft From Unassigned Package? Best Guess: /OculusVR/OculusMR_RenderTarget,967,None
0,/Paper2D/DefaultPaperTerrainMaterial,PaperTerrainMaterial,Hard,1472,None
0,/Paper2D/DefaultSpriteMaterial,Material,Hard,27085,None
0,/Paper2D/DummySprite,PaperSprite,Hard,2831,None
0,/Paper2D/MaskedUnlitSpriteMaterial,MaterialInstanceConstant,Hard,2194,None
0,/Paper2D/OpaqueUnlitSpriteMaterial,MaterialInstanceConstant,Hard,17150,None
0,/Paper2D/PlaceholderTextures/DummySpriteTexture,Texture2D,Hard,23096,None
